File_name,Reference_transcript ,Language
ff4787fa-59ab-4fa6-8d28-5fcccb05120c,give some hundred rupees to vijay,en-IN
feec7e5a-fcf6-4850-8614-1c41b8e515db,what are the offers of paying water bill through the app,en-IN
fe270614-16d4-416b-855a-5e6e542ad540,request three sixty five from madhu,en-IN
fe1f1315-af02-4483-b280-cbe620051311,They are sound to pay five hundred rupees has a representative so please pay it,en-IN
fe1b58c3-8e41-457b-ad0e-12c976e36917,donate fifty thousand to Dr. Praveens eye hospital,en-IN
fdf06a9e-e1fc-42a7-9f8b-83b7729a3314,request five not one rupees from giri,en-IN
fd04afb3-3465-47dc-8c4a-85c5532fb5d3,five hundred,en-IN
fc65298a-237d-4555-8cd8-9c70eb0ac36a,what is the last payment ID,en-IN
fbf2fa64-8512-4aee-9c28-dcda27429ffb,go ahead and pay all the pending request,en-IN
fb4fe4a5-2311-4d60-a01c-d873bbcbae68,send five thousand to amithanshu bhaiya,en-IN
fb0c9ad8-af0a-4ab8-9dce-0ae15e09c786,show starter and put twenty one rupees in the amount,en-IN
fa61899b-052a-4b53-b7d4-e3ff6a290dab,pay my DTH bill,en-IN
fa6a612b-8f2e-4d9e-9794-270495811ae0,please pay the minimum of five thousand rupees for my credit card bill,en-IN
f86854f2-8304-470a-b267-cc9b0db7b917,check the IPO listed in my App,en-IN
f9897d8e-4013-404b-8aa4-01939bbe6ed2,send one thousand to satish,en-IN
f04865c8-4312-4c5f-9319-01c3a372313f,i want to clear my DTH outstanding,en-IN
f3628df0-447b-4623-bcd5-64aefc185694,show me offers,en-IN
f236a752-3de0-41b6-93be-58122496ced0,send two hundred to Dr. Aishwarya for her consultation fees,en-IN
f92e6155-cead-4e42-8a01-fdcb5c681281,pull up QR code scanner I want to pay,en-IN
f50b5353-4fb2-4c59-83b4-f4957c2ee83e,pay five hundred rupees has DTH bill,en-IN
f042fdf7-ad3e-4f99-b3d4-1cf8c65a68ab,request three hundred rupees from vishnu,en-IN
f37aab91-5ebb-4e80-bf62-a2d851058cd5,pay my electricity bill,en-IN
f15e0369-c243-495e-8211-128f1c7ae388,Accept payment from razorpay,en-IN
f9aab429-b9a6-4319-8535-1a66c4696188,show me any offers which are there in the app,en-IN
f8f6fd4a-0528-43ef-aedf-8a28c236aeb5,one thousand from jagan,en-IN
f6ce136c-5171-45dd-ab49-6fdf18ad7d0d,send two hundred rupees to my dad,en-IN
f3ab2a1c-ba42-42aa-9f4d-811a79394af0,transfer ten thousand,en-IN
f1fb2931-1d47-403b-aa72-fd7b1c2c6b2f,can u gift hundred bucks to my friend,en-IN
f1f0a348-87a0-484d-94da-0c30fe5f38b1,ask vaishnav to pay five hundred rupees,en-IN
f0c2f94a-d9ce-469a-b830-80ecf04c2e6e,please ask dr. aishwarya to send one thousand rupees as a refund,en-IN
eef55f8a-d7ff-4a09-9e59-763c868cc6b1,check my account balance,en-IN
eec5bfdc-0efe-4297-b8e3-878253a8b6ad,scan and pay five hundred rupees,en-IN
ee4225ee-6720-45c8-9a2d-17bf033cbb67,four hundred,en-IN
ee76dd2c-7ca0-45de-9e93-cfb382bbe256,please show QR code scanner,en-IN
ee1cb199-b667-4c82-bbf6-d43ae3bba1da,pay my phone bill to airtel,en-IN
edb889eb-4d4d-44a1-bbe3-49a84bfc45f4,i want to make a transaction to ajay four hundred rupees,en-IN
ed28b53b-6716-4521-a08c-2f171187ee60,thre four zero zero pnb account please tell the balance,en-IN
ed1ff3dd-acb8-438d-85ce-d69a08d3f9be,give tulsi a gift of six hundred rupees,en-IN
ed1c6cbe-4f44-4516-af18-4bb100eb0bef,show me my transactions,en-IN
eb606764-e7a2-46ae-9497-3c4f2cca31c7,bank balance,en-IN
eb92f45f-7952-4295-9f37-178d69126ed9,pay my gas bill,en-IN
eb2a10f5-77aa-4217-9ecd-44e3f0e47c8b,how much have i spent in last month,en-IN
e2401752-958b-403a-9da1-682d41729caa,approve my current payments,en-IN
e461308d-bffc-4811-b5ac-6ed4a1a91040,i would like to make a donation to akshaya patra,en-IN
e146776d-ec02-49c8-b495-7b4a4613d46a,infinite,en-IN
e17415e4-71e1-42fe-8c80-c43e2e704063,open QR code,en-IN
e4698de2-52b9-4d26-9d45-8cc6c900fba4,donation to PM cares fund,en-IN
e4619b03-a874-4a0b-8294-f0117a40a087,last transaction,en-IN
e3543c36-0ead-4766-ab36-1a2281d70f43,approve my current transaction,en-IN
e944a5d0-6bef-4a7f-bfda-722186869a61,can you donate two thousand rupees on my behalf to the PM care fund,en-IN
e105bcf6-310b-4783-aa0d-fab6da6a125c,i want to invest in the nykaa IPO,en-IN
e96ce484-ccc9-4411-a0ec-0268fd4b8ee7,donate five thousand rupees to the ,en-IN
e84ade3c-aa6c-43c0-a6f0-0a7af43b42da,open QR code to scan and pay thousand rupees ,en-IN
e66e3475-5bb9-4a63-8965-9157bb14361b,send five hundred rupees to Dr. neelam for her dental consultation fees,en-IN
e59a24d7-2046-4e72-a85a-4f6a116344c6,pay my fastag bill,en-IN
e57fc772-11e3-414b-8a0c-520e8d285396,request four hundred from anjali,en-IN
e23a74eb-1db7-46d9-92f8-af5bc020654d,show my account balance for HDFC account,en-IN
e19e5ae6-e814-4a98-8969-cd63de3cbf2a,please open the Qr scanner of rupees hundred and two point five zero,en-IN
e08c14ef-97f9-47f7-8ded-a5d153b54cc2,transfer ten thousand to EVG abhi,en-IN
e7be7084-d747-44cc-8ee3-b9f843eaccfc,pay my internet bill,en-IN
e4dc0b3f-050c-4802-929b-8494f5807f1e,PO,en-IN
e3f42e33-dead-4e7a-9349-5db5af58e710,pay my cable bill for two hundred and fifty two rupees,en-IN
e1db3384-7fd6-448e-8a57-6cde5dbeb4f8,any offers if i do payment of five thousand to a person,en-IN
e0cbbd27-21ef-477f-af40-c29b0d52396e,get five hundred rupees from dad,en-IN
dfa2d87a-5816-45b7-a6c2-f93949424e42,hey pay all the pending request,en-IN
de6345f1-1280-4138-8dac-6e83e1c0b182,gift vijay six thousand rupees,en-IN
de951c42-d4e8-4354-a2a5-051c3bc55f38,send six thousand to hariharan,en-IN
de77f92e-847e-49aa-883a-1df52da509ba,request shradha to send two hundred rupees and 11 rupees also to me,en-IN
de0cb7af-2bd3-4477-9c9b-ef8e08019922,i want to invest in IPO,en-IN
ddf8cf7c-5fc6-4010-a8ca-2f7ca1fa22d9,from nagendra,en-IN
dd673c98-a4ef-4ec9-9021-9d41a46ee7a1,scanner,en-IN
dd87ea5c-7df7-47d6-a519-a0665b7e8d5a,QR code,en-IN
dd72ce3d-e2e2-4715-8b1a-d491a4d530a0,show my balance,en-IN
dd5e779c-f5d5-40bd-916a-a6792d188035,send five hundred rupees to ajay has a gift,en-IN
dccb8fef-02d3-4835-9643-43441fcde025,request five hundred rupees from shanthi,en-IN
dcc63e6b-9429-4213-a357-2c845b255433,scan and send five thousand rupees,en-IN
dcaaf923-b9e4-44e5-affc-43ad8090df7a,send dad eleven hundred rupees for diwali has a gift,en-IN
dc6bafbf-b1c1-4923-b1c0-6fd438b868c6,please open a QR scanner to send five hundred rupees to shalu,en-IN
db23c871-8d84-41c2-b06f-b30375bc4494,i would like twenty thousand rupees from myself,en-IN
da10a7d0-708b-4483-93cf-d72f07a57327,how much do i have in my bank,en-IN
d8112543-7c1a-4e0b-9223-de7710b91c57,transfer two hundred rupees to vijay,en-IN
d84432e1-d35c-41df-b15b-9c10c9810f05,i want to see balance,en-IN
d767e5fd-181d-4cb8-95f0-761d0a8ad92a,i would like to see my balance,en-IN
d547d45d-7240-4d7c-955b-fd35552b875f,show me my account balance as of today,en-IN
d277f314-7c72-43fb-9741-61393d99e987,pay my life insurance bill,en-IN
d242ac84-d8a9-4883-a323-d5afb40d45c4,arya,en-IN
d237c8ad-6e99-43ac-bcd9-c21cac46934e,i want some great offers,en-IN
d73d6b31-7dc1-4af5-9ab1-9fdc8670b3fe,can you please pay the electricity bill,en-IN
d58a1343-54fd-41f7-9648-c4e23b1d3b77,ten thousand,en-IN
d9df3b3e-574d-40bc-b40b-e99b6d8b1d0c,view my balance,en-IN
d8aec939-3808-43fe-92d3-7ffb731e56f8,show me all the transaction of today,en-IN
d6b9b55a-58ab-4374-94ee-d1af9f01ecc1,i want to scan and pay fifteen hundred rupees to the hardware shop,en-IN
d4f16053-6211-4e9f-9afa-42b9a6534a4a,scan and send three thousand five sixty five rupees,en-IN
d4b64e73-3e00-42fd-96c6-49d04b50562f,why,en-IN
d3fdc905-61ea-436d-866a-535bfd225dfc,donate hariharan foundation with hundred rupees,en-IN
d3ddc2c5-c890-4520-afa8-6ed22e5f46a1,send money two thousand rupees to papa,en-IN
d2e568ec-c322-4360-b7c8-fb9bd0e448cc,ask vijetha to pay me thousand rupees,en-IN
d2bf00e5-215e-4b21-b807-b5f28a41213f,send hundred rupees to madhuri,en-IN
d0fab490-d81e-451d-8093-b82b9b0eb7c5,pay DTH payment of six hundred,en-IN
e8daf2fa-6df1-4edf-82fa-e1aa6cb0fe92,wire in fifteen thousand to myself,en-IN
cf7e69c9-9c88-47b6-aaae-1ce48601aa6d,i have ACT internet connection please pay two hundred twelve rupees outstanding balance for last month,en-IN
cf5ed8ad-e34d-42ec-8c54-5a2336360a9a,please send rajesh two fifty,en-IN
cf00bcfe-cf5c-4a60-8951-cbcf0ad95108,provide vijay five hundred rupees,en-IN
ce800b49-e68b-43c6-937e-de098bdce973,send three hundred rupees to madhu,en-IN
ce62cfca-ec55-42c4-8a62-4da600503127,transfer two not five to my sister,en-IN
cd7da8b0-321c-4d61-96a8-68a80b7739ff,four hundred,en-IN
cd2e3030-7101-4c96-8e35-15fea0044cc5,ask paru to pay me thousand rupees,en-IN
cceb1fe0-8620-46a7-a8fa-f4e0f356bbfd,can you check the offers of available,en-IN
ccb19037-3e6b-4a36-853e-a21ed0b92d8a,please take two hundred eleven rupees from uncle,en-IN
cc2370d8-8dcc-48ad-a578-57ed73208a59,i want to view the IPS today,en-IN
cbf39bf8-faa5-48fa-ac1e-ed56b88e3206,all right show the history for five months,en-IN
cb455380-188b-4671-8a7f-70ec7ae2f58b,what's my correct balance,en-IN
ca953e90-eca7-45e4-b453-012445734c1f,pay BESCOM five hundred rupees,en-IN
ca76fab4-ab70-4bd4-8899-5418c1946cd8,show me balance of the first account in your list,en-IN
c7245ec7-69b5-4628-9c43-4060303675c7,transfer four hundred to hussian,en-IN
c481e6a6-4980-4399-ba7f-c4688ed22833,pay my utilities bill,en-IN
c201b051-fc1d-415c-a7c0-69290b692761,request dr. neelam five hundred rupees for sandwich delivery,en-IN
c96c2d2e-3793-422f-ab4a-ef39ff4534a3,hundred rupees payment,en-IN
c94a8140-be82-4769-976d-0ef6e9fea32f,they have asked me to scan QR code and send five hundred rupees,en-IN
c16af755-a385-4642-8b23-bd5c7f2c03e7,i approve the request,en-IN
c7d70d8d-81de-4e2f-87d4-696ebab7b7a5,please make a transaction of six hundred rupees to ruthika,en-IN
c6ed8c73-bcea-4271-b58e-7e7eaa9fe669,scan and send nine thousand rupees,en-IN
c5f908f9-4b5e-4868-9e9c-d6f97a756d75,approve a payment of hundred rupees,en-IN
c4dabbac-45e3-4a4f-89da-c175e69c679a,pay one million rupees to myself,en-IN
c4ce2b1d-b023-4085-900b-852fe0ef790f,show me listed IPOs,en-IN
c4c03f86-7655-4c63-9343-e835a0b2f090,request three thousand from amar,en-IN
c3f38eb0-3a72-4af2-b556-4f15ac703a01,please send five thousand to abhishek,en-IN
c02c1ae6-4795-402e-991a-6fe77e83e909,approve a payment of two thousand rupees,en-IN
c1e627cc-b3d3-4979-813c-4f6c2a2a0569,open scanner to pay ten rupees,en-IN
c0bcd039-1490-42e9-a67b-aec0fe8a822f,donate some money to akshaya patra,en-IN
c0b28d23-1a6e-4a34-b574-353b614484fe,show me all the offers,en-IN
be663b9c-8b64-4079-a77a-84bf1b541f0a,please request maa to send me two hundred rupees,en-IN
be39b73c-48d5-4d58-ab09-bb1dd3a751c3,i want to view the listed IPOs,en-IN
be0a8320-b6fd-4e00-a245-d4f64795904b,scan and send three thousand rupees,en-IN
bdf9724e-3ba3-4576-b53e-29e777c654fa,i want to invest in paytm IPO,en-IN
bded8d45-23dc-4362-a2b2-ca3a46653067,i want to see my transaction,en-IN
bc8c06c7-d2e3-4e79-93fd-200c79eb363e,show me the list of active IPOs,en-IN
bacc1fa2-b0db-4f07-b7bf-3ddcd82ed57e,one thousand,en-IN
bab2aa03-ba51-4cd4-9238-93e6c3e25a29,i want to check my balance,en-IN
b16212c5-bca2-48ed-b96b-f4666229f998,make couple payment to airtel of eight hundred rupees,en-IN
b5552d87-f9ee-44e9-9ff8-a3d005036549,can u check current IPOs,en-IN
b4402d39-dacf-4c53-a41c-a27829c603e9,i would like to make a donation to akshaya patra,en-IN
b0808a05-d208-41f6-adb7-17c67f608382,please open QR scanner for hundred rupees,en-IN
b93c13fe-ce98-47c9-a692-db9446110b6b,donate five hundred to XY foundation,en-IN
b59e1d41-c3a7-4b7a-b2b4-2c3d7716447f,send three thousand rupees to lohith,en-IN
b48be9fd-a26f-4691-a261-68bab016918a,i wanted to pay electricity bill,en-IN
b9e61bef-30c3-4dc9-ad8c-696722bb5e16,request 500 rupees from abhinav jdj,en-IN
b8b13023-5552-4824-9f8f-9b5e8ddd3bb2,pull up QR code scanner I want to pay,en-IN
b7e72c46-9de8-4216-88da-1c89a3173c51,send four k to ravi taneja,en-IN
b06f5902-74ec-45d0-a49a-2d475aa5b8c2,hariharan as gift,en-IN
b6add438-f509-479e-8fbd-fe2dad0e91e7,airtel bill payment,en-IN
b06a4da9-25f4-4619-9016-8221dca36bcc,make payment against,en-IN
b0e24fd1-e2c9-4185-b80c-28c975744d31,send two hundred rupees to amar,en-IN
afe1ae5f-a71f-4df4-ac71-3219a991439d,ten k,en-IN
af6bb9e0-fe00-4ee0-890f-0bdad02f3499,i would like to make donation to PM cares fund,en-IN
aea79ead-c4b8-48a8-b05f-5034229d18b0,send hundred rupees to vishnu,en-IN
ade105aa-52f4-4764-b3d9-c6e7fd5e6f76,show me how to send hundred rupees,en-IN
adcfbbe5-ee4f-40bb-81bc-d28989bdc6ef,pay TATA sky bill,en-IN
ab677ffd-489c-4a7a-8e2d-bdbe6386be33,send my mom two thousand five hundred twenty bucks,en-IN
ab53c837-5d96-41d3-a844-ea1ab8c9699c,i would like to check all the offers,en-IN
a5122569-e98d-422d-8e13-0235cc67dc6c,approve the mutual fund request for three thousand five hundred rupees,en-IN
a2702793-0ded-4fbf-b2a8-ea9b35275a72,current balance,en-IN
a519181e-a539-4a26-9985-7e388d8c3f7d,i sent money to my friend  i want to get money back from him please request vishal,en-IN
a9083aa5-1413-41b0-bc3d-ed44ac674536,show me the ongoing IPos,en-IN
a1236ff5-344a-4ac7-9bef-ca5ebbbeccc1,request money from dad two not five rupees,en-IN
a752db79-8724-42e5-833c-712ff38901cd,hey donate twenty thousand to akshaya patra,en-IN
a705d746-2713-4fb0-9d45-3c408b28ff25,open the scanner and send two hundred rupees,en-IN
a613fe5b-76de-4a58-8ec8-7621ecde1ab7,QR code scanner to pay to pay,en-IN
a95bb29b-ccc2-4eb2-bd50-c6c9ee2e32aa,open the QR code,en-IN
a52a553e-a7b8-4e8a-b286-245749472f7f,just open the scanner dude,en-IN
a8fd3f60-4f3a-4187-9f85-b1123595a639,scan and send ten rupees,en-IN
a8d640cb-d058-4273-8d96-fd4608980944,accept payment from flipkart,en-IN
a6d0f2b4-e9c1-48a3-918e-7da2f2b4df36,approve my pending payments,en-IN
a6a2a0b4-b085-4053-b0f2-ba1058136196,shalu,en-IN
a5bdb3f5-cf89-4462-8fc8-b67ce95abf7f,ten thousand,en-IN
a1e892da-62bd-4e38-9da9-57d2c4bcf5cd,gowri,en-IN
96037096-e671-4ad7-88c5-7fba1525e6f8,show me the last ten transactions,en-IN
70753776-dbe8-4d32-8999-ba8ee8afe830,send hundred rupees to anjali,en-IN
58352447-2560-4d23-b367-f38b778437d7,open QR code to make a transaction of five hundred rupees,en-IN
49241138-d0e7-4426-9a1c-dbdec5cb4331,i would like to view all the offers,en-IN
46948740-eb8c-4b6a-9f36-706a7c454d56,request you to view my balance,en-IN
36747793-5fb8-4009-bd95-b6eeb6de327b,anu,en-IN
18213761-f08f-41bc-a147-2646e59d121c,request you to show me my balance,en-IN
7878047e-f871-468d-9b08-c125f4d60532,pay my water bill,en-IN
7698798e-0dcc-4738-b8ac-098e6db40d78,approve my payments,en-IN
7419358f-3bd8-431c-8fed-b42b9d87f11c,approve the pay request that i have from zerodha,en-IN
07157387-74a9-4be2-8313-17fdb62ecbd7,show offers related to HDFC credit card,en-IN
06473771-a8f1-4230-b7a6-0ea69fa8baa3,i want to donate two thousand rupees to the pradhana mantri yojana for gramina yojana,en-IN
02701957-d95d-431e-b8e4-1c8b34e11c5c,would like to pay my gas bill,en-IN
2622724e-7339-4966-99df-1dc71cb2e110,please request vishal to send me money which is of two hundred rupees,en-IN
2512123d-383d-47b4-ab49-c5c4cc9233e2,receive five k from vinayak,en-IN
2258214a-3629-4d83-bae2-a1c7dc5c6abe,request five hundred from neelam for sandwich delivery,en-IN
1835239b-02cf-4762-8056-2f8c75922d6b,show my bank balance,en-IN
1396503c-cb14-411c-ac9f-cb9c8c250500,send hundred eight rupees to nagesh ironwala,en-IN
878339fb-d2e8-4e53-a729-3f7b6ad7aa5b,what are the active IPOs that i can invest my money in,en-IN
737963ae-f67e-4dbd-95bf-ac8399e78b18,pay my gas cylinder bill of one thousand rupees,en-IN
556766c1-4ddd-4c1e-bb5d-7e880a416bf4,scan and send three thousand rupees,en-IN
537070f1-0ddb-4d84-ad86-c6f71005bad0,please donate eleven hundred rupees to this fund for treating india,en-IN
415579bf-3003-4e98-86bd-500240968e24,rahul,en-IN
0219845b-5a4e-4afc-97c2-bfdc66a9c4fa,how to see remaining balance,en-IN
214284b2-9e9e-4a66-9f0d-3fe026ee2840,scan and pay two hundred eleven rupees,en-IN
167308bb-e5c4-4a1d-bdc4-8e2d2bc0a573,show me active IPOs list,en-IN
143833ed-6197-47a3-b580-eb70f8a0e526,approve my pending bill payment of hundred rupees to airtel,en-IN
95726fae-b6cf-4cbf-834e-d7f6e2f83921,i would like to view all the offers,en-IN
94342adc-ca2b-42b5-8301-ccc6b2e52f1f,ask saurav to send one thousand five hundred rupees for the last night party share,en-IN
90430ebd-7e1f-4052-9817-f43e285cb7e7,send five hundred to anjali,en-IN
88818d0b-a0f5-4c17-a0a4-8dcee106dcae,ajith,en-IN
77059c3e-1944-4043-96e2-74326ef24458,gift a hundred rupees to dhyanesh,en-IN
72368efc-4f62-4a1d-aad9-e8118b8c6cc1,show me offers related to payments,en-IN
66460bba-db7c-400f-a37e-cd82970d6c2d,show me what all IPOs are active,en-IN
65980b93-9dc5-45b3-bec4-47ce61fb53b3,send one thousand five hundred to saurav for last party,en-IN
53379e1c-3dd5-49df-8d88-2d3dc5d44492,scan three thousand rupees,en-IN
51455a06-18d8-4183-b9ae-83b70a1ad9b1,approve my IPO request of five hundred rupees for CHEMICON industry,en-IN
51428a4b-7ab6-4a4c-9d26-51ce4d40b275,give vijay two fifty rupees,en-IN
40722c71-12d5-4a28-9bf7-ab94dea3af55,harikrishnan,en-IN
37085cca-3614-45f3-8a64-4068ef19458a,send receive request from ICICI bank for ten lakh rupees,en-IN
36130e2a-9e51-44aa-816f-5e680844f299,i would like to view all the active IPOs,en-IN
029830ba-de15-4c00-b7dc-75747e104773,karthikeyan needs five hundred rupees please send it,en-IN
23919d45-8431-4896-8ed7-6bb44ac812e4,whats my account history,en-IN
22729be2-46a8-418e-931b-162d94780a7f,approve electricity bill,en-IN
22584aaf-60d9-4add-9d52-e0158c3620ac,i want to gift five thousand rupees for her birthday,en-IN
017907af-d76b-45be-bd29-f3212d86c0c5,please approve my pending payments,en-IN
16755b48-8d5a-467e-8ace-30af5e1ffd0b,i want to pay my airtel bill,en-IN
15421eeb-ffd1-4435-9924-36832d19cfee,show me IPO,en-IN
13130f1d-f7c4-4bf7-a0ae-eadc23e48dcd,10 rupees,en-IN
0a1fd0c8-8128-4372-9743-8382f13ee998,send five hundred to subham ,en-IN
0a2d4b20-8059-4c63-9e2a-f0f2b9c6ffe6,i want to send ,en-IN
00a7b313-637e-4dc5-a6a1-3f8eff29b7ad,pin broadband ,en-IN
00a500e1-da78-467d-a953-edce1d951bd1,send twelve rupee to harsh,en-IN
0b6c2d63-3518-4381-8faf-f46b5f45b116,request six thousand five hundred from ramesh,en-IN
0b0408c0-316d-45bc-a9a5-d24d50b9e12a,five hundred,en-IN
0bc3bc51-92a2-42ec-8b30-d0377ad22697,send nine hundred rupees to hotel ,en-IN
0c98a864-1f2a-447b-8f92-c299f169acf7,show my transaction records ,en-IN
0c3579a2-d0ab-49a0-a321-c4a5e1e44090,show my balance ,en-IN
00ca3d36-f4f3-4ee8-b9c7-6eb4086a6d02,i want to see my transactions ,en-IN
0ce7adb0-ff9f-4bff-9caa-8f596220136d,pin balance enquiry payment,en-IN
0ce48c1e-e1f9-4e09-bc04-13bb97c7f1b9,KYC,en-IN
0d9d6a81-34e7-4cf6-b143-9f58467715d3,open the qr scanner ,en-IN
0d56ae85-df96-4447-b649-27ff17988291,green lance high school,en-IN
0d3574ef-2ad1-4f91-8cf6-f9ee866c0af2,request one thousand rupees from aditya ,en-IN
0d9755b3-f49b-490e-b0c9-bc16dcf6b415,what is my balance ,en-IN
0e4ef84d-2a7c-4379-ac3e-f9882d9c078b,akshara international school,en-IN
0e9d7840-ceaa-435b-ac32-2e39a7a925a2,open scanner ,en-IN
0e44de11-261c-420e-be2b-ba9e4b158b68,send birthday gift of three thousand two hundred to sita,en-IN
0f2f5631-2230-426b-b261-139c6d62ab61,transaction history ,en-IN
0f3a39f2-73c0-41d0-8ad3-83f48576b5b6,donations,en-IN
0fcd6411-decf-483c-92af-f01aba7654ce,scan one hundred rupees,en-IN
01ca747b-c462-4994-9278-5c57ca8b4502,five hundred rupees,en-IN
02aed9ae-6922-4795-9fc3-0cf8b7e80d1a,can i see the latest ipo,en-IN
02f9a9e5-291f-4dfd-87fa-072f719f61fa,request ten thousand rupees from slanglabs as december bonus,en-IN
02face69-0af8-4695-aa81-14871ee9b33b,send fifty to subham ,en-IN
003b4855-1476-463f-ad28-269f33fcf0a5,gift mom,en-IN
05b3066b-5771-4012-9a8a-1094d901ae8b,i want to check my balance ,en-IN
05c11996-8a13-438b-bb5c-07b93b634269,view my bank balance ,en-IN
06d484ce-daa5-4749-b458-cb9e981145a8,view my ipo ,en-IN
06e4ef5b-9c97-4ae1-a8e6-80ea274207e6,can I see the latest IPO,en-IN
07b5f85f-1ab7-4e7e-bf00-34e6bda8ec4c,view my account balance,en-IN
07e040db-1011-4d7e-99ca-22cf595208af,show all the IPOs listing,en-IN
08a027e5-0607-497f-9f28-77ab9b211db4,harsh,en-IN
09d1334f-ba25-49f9-84f5-30c9350b6afd,request money from,en-IN
10d7cedd-0633-417a-b4e0-2498360d76c2,harsh,en-IN
10efad5a-064f-4761-bca8-d0ea7ebae654,open QR and pay three hundred and seventy five rupees,en-IN
015a3d05-7ec9-4fa7-b626-02d5f2168676,I want to pay my electricity bill,en-IN
023c9b22-4745-429a-90ed-b5a3c6128001,scan four twenty five rupees for grocery,en-IN
034c205b-91b8-4a77-90f2-cbc778057ef1,check my balance,en-IN
035f7e37-4e0e-4f1c-ac41-2857216883bf,i want to ask one lockerhood from shubham,en-IN
060f2098-f90b-4916-8262-7e2fc419f895,payment history,en-IN
062b3546-4013-4ba5-a22b-0c7eba8f0761,open my transaction history,en-IN
062c9ff2-58a9-4772-a758-d1b57ed3da19,show my balance,en-IN
087d0d08-9e0d-4dc6-b362-344cc24057a1,send five thousand to harsh,en-IN
092eb545-7b03-4568-8486-7ba8b0fa2cba,donate thousand rupees to akshaya patra,en-IN
093ee117-86c3-48ca-9583-d2864f2ad315,open DTH,en-IN
112b8bab-2e31-42a5-a8bf-169852c4364a,how many things u can do for me,en-IN
0145b529-502f-4c64-937c-dd1923801c92,view my current account balance,en-IN
0952aaa7-f722-4cbb-b5a6-df13cc739e27,donate six hundred rupees to UNICEF,en-IN
1027a663-b4b8-40ac-bc1f-aa77ebba9e6a,show me my balance,en-IN
02892ac0-98b0-416f-8795-9ec5667c3358,open scanner,en-IN
07885d56-9eb7-4d53-a5f4-9c43873bb1aa,pay five thousand rupees and open scanner,en-IN
00038187-a7c2-429d-ae58-e71b6ffa2290,pay my insurance bill,en-IN
039181a9-9c6b-4047-b0cc-36f768c3d13e,donate five thousand rupees to shekar ashram,en-IN
073900a2-6e90-45cf-ab2c-adef881d617b,can you please send,en-IN
078513e0-1199-415f-94eb-72e39890dcf0,history of payments,en-IN
102109bd-a4a6-4f24-940a-ea73a1802e3c,send a gift,en-IN
0458499b-aa9c-4f1b-b0d6-2128bfb228d9,six hundred rupees,en-IN
01596723-2577-4590-81a7-26ae6a8d67b9,send three hundred seventy three point two to shubham,en-IN
07910171-75d5-4e1f-9a31-3821bdb71ecf,can we donate five thousand to my room mate,en-IN
0a11f5d0-7692-4a16-b67d-79d169856061,approve payment to amazon,en-IN
0a112ebf-7a93-4752-8686-a1d0721e0e3b,i would like to check all the active ipos,en-IN
0ab07a80-3349-4d3e-82a7-9ccd0e153302,i should get two hundred rupees from satish ,en-IN
00b44d8d-0761-44c1-97db-44aae021477e,make a request of five hundred,en-IN
0c44d819-1a31-4f3a-8cf5-c7ab8dfe9395,show me my transaction history ,en-IN
00cb6219-3599-4f17-9dcd-6bd81e20f161,send three hundred rupees to kumar as a gift ,en-IN
0d8b6401-0c62-4aef-8373-cb4212289c71,pay ten and half rupees to pani,en-IN
0d8df434-28d7-4129-a8e6-5762fb8eb715,happy to donate ten thousand dollars to the needy person ,en-IN
0dfdf8c6-634c-469c-b13c-62882cd4af08,i want to scan,en-IN
0dffba1b-4678-4dd9-ae66-29f7755b34d4,approve the pending bills ,en-IN
0e8ad935-3b2b-449f-9adb-0627943ba36a,donate one lakh to sankara eye foundation ,en-IN
0e370df4-003b-48ed-9799-02e13e3d96f3,five hundred ,en-IN
0efd9cbc-a02f-490c-962d-a4e87fea9804,i want to know how much money i have in hdfc account,en-IN
1a0c2d61-602a-4146-bb5d-534abee985e8,pay my october month  bill of eleven hundred twenty six rupees to water supplier ,en-IN
1aa4f7a0-f453-49ea-a9eb-fd345b6dad90,please approve a payment of one lakh rupees against the hospitals bills,en-IN
01c9e979-8826-4f36-b8e1-f15e2f3b66dd,please do a donation to pmkr fund 500 rupees ,en-IN
1d28cdd3-f6d9-41e9-be47-036baf40b200,i want to view,en-IN
1d077f5e-6c97-4f9f-9ba2-2d4cf03b8bc9,send hundred rupees to kumar ,en-IN
1d442325-f800-4021-9216-b06d55fdf27e,request three hundred from ajay ,en-IN
1dcc112b-31f0-4188-abae-e475f23cad9e,pay hundred rupees through QR scanner,en-IN
1e7a6680-015a-4453-87a5-458c5cba747b,show me the offers running on my current bank account,en-IN
1e19c8ff-56c4-4550-905a-865c64a2d6b2,scan and send ,en-IN
1e0485c3-7c37-4135-9f75-54598b22d0b0,maa,en-IN
1e27960b-1c72-44ab-a539-08ec732f04be,clear my electricity bill dues ,en-IN
1f975d5e-a24e-493f-82f8-bd482d855187,scan and pay hundred rupees ,en-IN
2b8a13d5-e979-41a5-9c27-6d742fea28d7,send twenty thousand as a loan to shailaja,en-IN
2b25cac2-0c34-469c-a059-2ba6771309b5,money to agna ,en-IN
2bbfaee0-eb05-4df3-8b0b-98f6d9fe3b04,request nine hundred and five from madhuri,en-IN
2c9189dc-c095-43ef-aec1-74a0d43c7608,i want to pay my gas bill,en-IN
2d083f72-8d8d-4c61-aa2a-e5a2c16f6d26,make a request to vijay hundred rupees,en-IN
2e20d6f7-9d9c-4d1d-a351-80c720ebae9e,show me my last transaction ,en-IN
2ec7d239-8259-4423-9934-a59726d50c6b,how do i gift my mother five thousand rupees amount,en-IN
3a7ffe3c-65d4-45a5-94a2-57bfde7fd8d6,microphone permission ,en-IN
3b6baab9-3cec-4cd9-ab44-ff90bca5c197,i want to send two hundred rupees and fifty paise to the maid ,en-IN
3b7dc72a-1e0c-4cd7-884d-b80f4fa3639d,request lohith to transfer rupees one thousand two hundred and fifty to me,en-IN
3b047afd-437b-4740-a78f-d7ec1540900d,request fifty thousand two hundred rupees from kumar ,en-IN
3c753415-0737-4ae2-9f5f-8d932d4acff7,request vinayak to transfer two thousand to me ,en-IN
3cb4ae63-5248-49da-8747-6e578d0ea149,show me my x transaction history ,en-IN
3ce7ecf1-df84-4736-a9b1-d5cea1f65f3c,i would like to make a donation to pm cares fund ,en-IN
3f641109-0087-4834-9ca9-7c01c0654498,go to scanner and send two hundred and twenty two rupees,en-IN
4a31e334-2e81-4186-88fc-5f699c9bb157,go and ask rajesh to pay four hundred rupees,en-IN
4afaedef-41fb-47d8-9d0f-7c2cf7003e18,i would like to view my transaction history ,en-IN
4bdf4ae6-f8f7-4a61-9169-525bf7926586,request three hundred from satish ,en-IN
4c7fa7db-8cc6-47a6-8f6e-c6a85b99b448,view my transaction history ,en-IN
4cffa417-1fb5-4ef5-a610-8467d1815ab7,please pay my minimum amount for my credit card bill,en-IN
4d51a68d-2031-4b9d-b395-34d15c14ac98,approve the pending request,en-IN
4d90b25c-e56c-46da-bfb0-33e0f53fc162,i would like to see my balance ,en-IN
04dac829-11a3-4603-ac5b-7eccedf930da,i would like to view my transaction history ,en-IN
4e5a8848-12d6-4f5a-93a1-24b24c2ba16a,three four zero zero ha,en-IN
4e167b82-26e6-4101-8e41-c7679ff25e42,show offers related to credit card ,en-IN
04f5bc31-3f4a-464e-96e6-498897dfc064,scan and pay for milk twenty one rupees ,en-IN
4fb46350-1381-4b6a-a551-f334baf2fe25,ask sourab to send me back fifteen hundred rupees ,en-IN
4fc29e5a-b2af-4fee-8afc-7226399f1670,request two hundred rupees from shikha ,en-IN
5a560442-1cfb-41d6-973b-cf39359c3a44,send two not five rupees to abhay,en-IN
5ac59aab-8573-4ec4-8940-0c89ffe5f753,please open the QR scanner of thousand rupees,en-IN
5b5f8eb1-d973-4b1a-b949-573923f8fbf5,send three hundred to vijay ,en-IN
5b328f38-a362-457b-bc11-31385fad4957,how to approve the payment from swiggy ,en-IN
5b273272-7fb7-4d44-b12e-5b072f74dbd8,please pay fifty k to ,en-IN
5d535657-1c83-4567-bffe-c3ab8110a311,request five thousand from ankitha ,en-IN
5d758930-9d2e-4119-b267-f99776f935c4,approve rahul request of five hundred rupees,en-IN
5f058554-6678-4591-98b2-c393d4584fd0,please approve my current payments ,en-IN
5fee4bba-ecfc-47c0-994b-a1f7fca4139f,request ten k as salary from ,en-IN
5fee4bba-ecfc-47c0-994b-a1f7fca4139f,make a payment through QR code ,en-IN
6a671119-733b-437f-863b-9f0c32ef5566,send rupee hundred and two point fifty paise to pandya sathya prakash,en-IN
6adffa31-7a57-4003-abe2-79a1a8341e8a,send rupee five thousand to amitash bhaiya,en-IN
6b78947d-a4a0-459c-b720-344165c95d08,send five thousand to,en-IN
6c6e4b76-dbe6-49ef-ad63-a3a2655ae750,request sharda,en-IN
6e924144-088a-44c3-bc41-9ac15a21494d,show my bank balance ,en-IN
6f8bd742-17eb-4f5e-8681-30853809516f,credit forty four thousand to myself ,en-IN
06fa0bf2-5fd9-441c-9758-ea0b3aa7bc4f,can i have ten thousand to pay my bills from nagi,en-IN
7adf4727-05cf-4b25-af41-b3036373d4a6,approve vijay's two hundred rupees,en-IN
7b9b6adb-df30-4a23-85c3-043428bd971c,show my bank balance ,en-IN
7b87eafe-7c21-498e-93f5-6be17cf ac854,i am low on account balance ,en-IN
7c387e93-e9bf-4cee-b6c4-2bc7bfe1273d,can you gift two hundred rupees voucher to abc,en-IN
7cb48268-4fc5-455e-9af9-b5d223369844,pay my dth bill,en-IN
07d41c83-b759-462a-9e11-b614f7dbed3b,send three o five to giri,en-IN
07d310d5-bfd9-49c2-a35a-59648815cb4c,place a request to receive money from abhi,en-IN
7ebaaa10-3c29-4cf7-80fe-b68cabf2ad68,transaction history ,en-IN
7ec089e6-b575-46ec-a600-efeee431a442,send hundred rupees to ajay,en-IN
7ed0ed67-c281-4545-a525-c53058176dfd,i would like to view my balance ,en-IN
7f4bb526-5aad-416b-b51e-4adcf31565bf,pay my electricity bill,en-IN
8a5defdd-7119-4931-87e4-16cf4b4e3df5,please open the QR scanner of rupees one thousand rupees,en-IN
8a7836ad-133e-448e-adc5-c12f48bceed1,scan and send five thousand rupees,en-IN
8aa41632-9e5b-4fbf-b15c-f2f6785814ad,water bill amounting to eight hundred rupees please pay,en-IN
8abad27f-3197-4962-8b36-3df5a38fa91c,two hundred,en-IN
8b01cfdd-84e3-44ab-b56b-521fc8e61537,shanthi,en-IN
8be9e9f6-1322-460c-9692-eefabb679586,ask abhay to send one fifty rupees for sharing the shatl cost,en-IN
8d807f75-637a-428b-8c04-1957f4bc27d7,please show my transaction history ,en-IN
8e977693-68b5-4110-9d0c-cd56bace5022,scan and send four thousand four ninety five rupees,en-IN
8fe2538a-bfad-4d94-9735-5513c8550933,ask saurabh to send me fifteen hundred rupees,en-IN
9a1c1765-87c0-4c19-802b-a9ee7f1cbcf8,request four fifty from adithi,en-IN
9a1d943e-0888-4f62-9ddb-3ffb495d8af5,pay six hundred rupees as water bill,en-IN
9b1d6fd1-c78d-4d5d-a72c-3efdaeaf6f22,zero,en-IN
9bc77d30-e7a0-4ce6-b8a4-59f4a6867570,approve payment request from bigbasket,en-IN
9c3fb163-aac6-41c1-bbab-3e9343f55ed0,donate six thousand rupees to pm care fund ,en-IN
9c6f4102-08ca-4792-8eb3-3eeaa6aa0e9a,gift shikha two rupees ,en-IN
9cb88481-aa8c-4437-aadf-d3f0c37ae1ba,QR code scanner,en-IN
9d75f8ba-7dad-424d-819f-089f76235613,check any offers are there ,en-IN
09d898b9-4674-4f11-8a91-d48acc379f59,IPO,en-IN
9e8bd001-b498-4ef5-9ee1-66763b0b2dd8,view recent IPOs,en-IN
9ea4ebfd-ef20-49db-a6d6-e0afb81a526a,scan and send five hundred rupees,en-IN
9ebb9920-4762-4e28-8114-cb1d7bfa6752,show me some offers,en-IN
12a0a816-6695-4ae3-a029-da45b1f408ec,donate two thousand rupees to pm care fund for corona relief,en-IN
13c57d6a-6cf3-4ffa-8a3d-2df3c11937d6,send one thousand five hundred to saurabh for last night party share ,en-IN
15e43389-63ed-44fa-adcc-55495f3246c8,pay my sbi credit card bill,en-IN
15facba4-a3d2-4089-b630-a944b062d666,please donate eleven hundred rupees ,en-IN
16b15a86-45f6-458f-87f2-56df43907aea,twenty nine november please send shikha two hundred ,en-IN
16ce223d-feba-4f8b-b2a5-828ebc848163,can i check the offers available,en-IN
18a50e6b-7b67-4fee-b74e-33ce1fb6ad76,donate one thousand rupees to nanhi pari,en-IN
19e00b9c-a0df-44a9-8d60-476362deb552,i want to see balance of all my accounts,en-IN
20bf994c-405d-497a-b58d-b890ce1fec94,send two hundred rupees to giri,en-IN
20c72f20-c7b1-4b81-bfa8-8d5e49c673b9,one thousand from jagan ,en-IN
20f5ba09-4811-44af-95a1-72a51c371fb9,approved pending payment from croma ,en-IN
21bffd39-0eb3-462a-8929-bb5d1dc97bfb,send five hundred dollars to vijay ,en-IN
21e34151-dddc-4d8f-b4dc-87cc7f0776e3,show my current balance of punjab national bank account,en-IN
22b348e4-7f9f-44de-a9ff-d095999857a7,pay water and electricity bill,en-IN
22d503e1-cec0-4e55-8980-281e4564abc6,make a bill payment to bescom ,en-IN
22dc3bc7-e7b7-4aef-a204-73a11c1a8204,how to scan QR code ,en-IN
22fce8d0-b733-4fd9-8d9b-b1d77c5ef57a,pay my telephone bill,en-IN
23d727b1-6d2e-4df9-a9ce-42146b7ba72f,show me payment offers ,en-IN
26a4961b-78e3-410d-9ccc-c76d7b1edaaf,send two thousand five hundred rupees to raji,en-IN
27df5089-e882-40e3-b310-00b43e324ddd,recharge my phone for four seventy nine in airtel,en-IN
27f58f21-03c6-4439-93b7-e48636382cce,send one hundred rupees to my mother ,en-IN
28c82b6f-d940-4e94-bb8b-6a17ea9efbe8,transaction history ,en-IN
31c223ab-761b-4a25-8288-d8f46ca7849f,approve payment for television ,en-IN
32c622a9-3d7b-452f-ad40-e69e99c98842,five five four one account balance tell me ,en-IN
33c33756-170d-49bb-99c2-cb4c98acc18f,send two hundred to abhay for badminton game,en-IN
35c3ae2b-d0e2-4e82-afa6-2977af133597,show me all the active ipos,en-IN
36a83333-61cd-40a3-8c92-dfeade9d4655,open QR code scanner ,en-IN
38b4295b-664b-4db0-8b22-0fff3fd1a3ad,please open a QR to receive five hundred from the amritanshu bhaiya ,en-IN
40ac55ad-2ee6-4fbb-a5c4-a30eab43fa1e,how many request do you have can you approve second one,en-IN
043eee2e-f39c-45d7-9aec-80632ffda13d,show my savings account balance ,en-IN
47a14643-6cbc-49dc-a3ff-5f38af450f0c,send thousand rupees to pandey satya prakash,en-IN
50a8cc03-a75a-4c1d-8005-8f2119bf1530,send three hundred to ajay ,en-IN
55d01a3a-ddd4-45f8-a7db-dcd5e345b048,i would like to donate twenty lakhs to world wildlife fund ,en-IN
57cddeff-cd7c-4896-9688-1a5a1068ebcb,share twenty thousand dollars to red cross,en-IN
59ac448e-27d5-4187-a8a5-06b37a57df31,can you transfer hundred rupees to vijay ,en-IN
59f927e6-e68c-49bc-b496-10b98fac794f,to Aai,en-IN
61fcf5f0-4e49-4366-a98e-ae131226749c,pay pending payment request ,en-IN
63fa05f9-581f-47be-9ef8-7e66e6e284f4,i would like to check all the active ipos,en-IN
64ccbc6a-05b1-4a91-8ca6-a10f751790a5,view ipos lists,en-IN
65c93037-5b97-4d12-8b62-0ee79060d6e7,view offers of gas payments ,en-IN
066a2906-714d-45d8-b1d3-6bad3b89257f,pay my health insurance bill,en-IN
66b379b4-345e-4e7d-8a44-013535559934,pay my internet bill,en-IN
67fb778c-6b2f-4fe8-ae4a-5c781ad5008b,open scan and pay,en-IN
68bd5ea4-e707-4ca9-a347-459523143ba2,i need to get hundred rupees from satish kumar,en-IN
72aa20b0-4515-4d6e-93e3-4d037dc38847,pay vodafone bill for five hundred rupees,en-IN
72fc8664-a33d-4732-9675-e2923415b042,in cash back if i pay dth bill,en-IN
74c72372-84a2-4028-8b16-f2552a7ed16a,i want to view payment offers ,en-IN
75c9f64d-1395-4838-8458-81cb7240d00d,send hundred rupees to adity ,en-IN
75ded2d6-8cbb-4286-8b00-45c8718c48d4,pay three lakh fifty thousand rupees to my father,en-IN
76b70d5e-0df9-4386-8ad3-40313202af08,jagan,en-IN
77e55cee-50e5-4ea7-9502-c6308128f6b2,please open a QR scanner of fifty rupees,en-IN
78b45f1c-f898-4766-8d4f-949e3577b813,pay my broadband bill to airtel,en-IN
80cb9df0-9e86-4f4b-9c2f-112ecc5934df,ask lohith to pay me five hundred rupees,en-IN
80ce1a7c-8ca1-4beb-bfdf-00308316af96,five hundred,en-IN
81ef70d0-5fea-4dc0-8041-c0b4896d8bd1,show me my transaction history ,en-IN
84a13bd8-4ef7-47e1-ab85-4be279f1b8e8,pay my fast tag bill,en-IN
86b2e35e-314e-48bb-8e25-90b2b285eefa,request nine hundred hundred from kumar ,en-IN
86c9a5f9-68cf-47ae-b6d0-27233b236535,active ipos,en-IN
87fecc5c-3624-4585-8a1e-f8d0198b3494,open the scanner to pay five hundred rupees ,en-IN
88d9638c-62cc-413a-b325-67d9db4a3276,request one thousand rupees from papa,en-IN
088e2edf-25a0-4d9a-a33f-d058675b90ed,what is the current balance,en-IN
88f19987-70e4-49ca-89aa-c8c1082db672,pay my hospital bill,en-IN
89ec07ca-516a-450f-8ad1-5ea8e7bfd911,request fifty k salary from kumar ,en-IN
90a1ff52-b94c-4d74-93ea-882cd4a33424,approve the request for two hundred rupees,en-IN
92bb1098-c901-4b7f-9558-4ffab231dae3,show my current balance of hdfc bank account,en-IN
93e7898b-ba22-47d1-a048-ea7ca32cc0be,can i received fifty lakhs from shiva sir ,en-IN
96dcdd47-d992-4252-889d-1a8a8c45b429,show me my transactions,en-IN
97cf8fd2-96a8-4dbb-abe2-d26bbe9ea02f,how much is my electricity bill please pay that ,en-IN
98a38044-4840-44d0-9d0c-adde3c93f89a,i want to five hundred rupees to paakashala ,en-IN
98bcdd42-0448-4586-8a96-c504ec3b6d8c,approve water city bill,en-IN
101c640e-c920-471b-85f7-e2229bb3e367,please request fifteen hundred rupees from saurabh,en-IN
112abf80-7839-4bbb-93c1-3156d949b9f8,i want to pay vishnu fifteen hundred rupees,en-IN
142d8342-7bfc-4996-a6ac-9e9b554061fd,hey can i gift all my account balance ,en-IN
165bc478-826e-4b22-9b16-b0bbd1ac6b3e,open code scanner and pay twenty bucks to the vendor ,en-IN
187ed3d6-6278-457b-b1c3-af838569243f,request five hundred rupees to QR code ,en-IN
0206e1aa-ea12-49f9-b6e1-efb738db7a48,pay my electricity bill,en-IN
218ff4ab-4d94-438a-9156-bfc0b8188773,five hundred,en-IN
227ec315-d626-4f07-80a8-daea12c0c613,how much money is there in my bank ,en-IN
251f21df-85e5-47bc-ba12-9c0b2d703055,approval payment of a thousand rupees ,en-IN
261d6561-222b-4a26-84d2-92cfea7a1870,approve the amount that i got request from my dad,en-IN
323bd463-4fe3-472b-8829-933a382ac2d4,pay my bill with bescom,en-IN
348ba7cf-aa0e-4997-ab77-a198f7542a8a,check my bank balance ,en-IN
388d4f86-c0bc-406a-9b9c-f8a290adacab,scanner ,en-IN
391d7f26-0ebc-48be-a4e3-ad3f815de607,pay my education bill,en-IN
391d7f26-0ebc-48be-a4e3-ad3f815de607,i would like to view if there any offers,en-IN
420e8c8f-8cb1-4dc2-8a2e-885c3f3af4f0,pay my mobile bill,en-IN
482b54ad-d267-4e8a-a8e2-2edf5e2e4d0c,please transfer two lakh rupee from my mom ,en-IN
494cc253-fcec-463f-8a5f-05c468ac11a3,pay,en-IN
503bce01-c7d3-4304-b244-14e208e11ec1,send one hundred rupees,en-IN
556f6b5b-17d4-4a2e-b8a7-30c7b5c48899,i want to get five hundred rupees from my sister ,en-IN
558fe43d-730f-4c55-be79-6dc43d9d571f,i want to transfer five hundred rupees through scanner,en-IN
575f58fe-711a-4b14-8b95-2677af993771,hey what offers do you have ,en-IN
609a37df-5936-4b75-9771-0c7db635f434,show me the latest ipos,en-IN
612a9e50-3ecd-4aac-816d-cab462916b43,ipos,en-IN
613c3dff-08a1-4bcf-b4b1-969d95dec589,five not one,en-IN
613e0588-06d7-4c6c-9fd6-8a1eb466b5a2,scan and send ten rupees,en-IN
619fcad6-e1d2-462c-9b0c-825231d44127,approve payment to amazon ,en-IN
651bf372-219f-401a-929b-8e6b88afbbc4,show my account balance ,en-IN
659bc229-da54-47ac-a364-7861deb53a90,show me my balance ,en-IN
693c407d-4a94-4449-8e22-f8802f04d68a,check the cash back of the electricity payment ,en-IN
716fd1ad-6a11-4bbc-9dc9-3c48dcedecf1,make a request to rajesh hundred rupees,en-IN
735d7fb6-d118-4ab3-960b-19fd67ded9fe,i want to send one lakh rupees to druthi,en-IN
753cb51b-de31-4e51-9930-b61892a113f7,how much amount do i have as balance ,en-IN
838ecddb-f750-42ed-b1b2-91ca70b5990c,send six hundred rupees to anjali as a gift ,en-IN
882c0fc2-5f33-4bf0-b0b4-7a9addb0c00d,open the QR scanner,en-IN
946f1b99-8a09-4f27-a051-84f8037f6d25,send fifty thousand to maa for her anniversary gift,en-IN
994efae7-4301-4e6d-b21f-89ac974b3d21,twenty,en-IN
1724b75a-1746-4cc4-a07a-eb3862c61a85,show my saving account balance for pnb bank account ,en-IN
2407a798-ebb0-4cd8-9989-31c67fe48d5e,send five hundred rupees to ankitha,en-IN
2565e230-8e2c-47ee-9002-136d1a87669d,gift sahil two thousand,en-IN
2654a213-d84d-413f-9c91-edb19d5d14b4,pay my electricity bill,en-IN
2826b5ca-62c0-4e70-bab3-9a3f3f5b6244,i want seventy five rupees from hari ,en-IN
3213c98f-6cbb-4584-bc67-d206b0c110e9,five not one,en-IN
3365a2aa-efa9-4baa-9f61-3055d3f039ce,scan and send six thousand six fifty rupees,en-IN
03547b88-0fc3-492b-b8d0-d029228d06c4,i want to say ok from payment to bigbasket,en-IN
3747f742-f510-466f-a1a2-8c7e1b7f96c0,give away fifty k to pm cares fund ,en-IN
3828a282-5701-4323-b127-a0d97d31dd46,pay my sbi card credit card bill,en-IN
4309d704-d487-4321-b5de-6dbc356d92e4,want to pay hundred rupees to porche,en-IN
4717d607-93e2-498b-bb3f-39e30654ad1f,i want to pay airtel bill of six hundred rupees,en-IN
4746f689-38d3-41f4-a933-91f2751d707c,pay the water bill,en-IN
4987c11f-25a6-469b-9311-854479c853f5,five hundred,en-IN
5136bba5-3bea-49fd-949a-31ca3604bf1f,i would like to view all the ipos,en-IN
5538e527-ffd5-4b26-b593-ffac36cee8d2,hey gift,en-IN
6320c606-bced-47f1-aba0-87c763222e14,send two hundred rupees as a gift to vishnu ,en-IN
7800e25c-5ff8-4641-82c6-3a420b74af6f,donate twenty lakhs to azim premji foundation,en-IN
8015aa7d-8d7e-4389-90c3-750d857b6d21,send four hundred rupees as a gift to giri ,en-IN
8211cfaa-6a10-4fc1-abe9-ec7a9d026377,how much money do I have in my account ,en-IN
8219ba6e-76f9-42c9-a275-992023e7771e,open the QR code,en-IN
8930a798-6be3-4913-b968-582e0339a337,retail ,en-IN
9326b59c-8f6d-4d50-a311-d45c4b52c14e,so happy to give away twenty thousand to the winner ,en-IN
9566c1b1-63db-424d-808e-a3e647acfa43,send one lakh rupees to ajith,en-IN
10394a0a-4c7b-4f45-8e98-7741ca3a7a40,please pay fifty percent of my credit card bills ,en-IN